{"0": [262.4259338378906, 0.041348814964294434, 262.4263916015625], "1": [187.24057006835938, 0.8270251750946045, 262.3842468261719], "2": [112.07830810546875, 2.170362949371338, 261.98577880859375], "3": [36.90553283691406, 3.241790294647217, 262.0281066894531], "4": [-38.128517150878906, 3.8286516666412354, 262.39306640625], "5": [-113.25167846679688, 2.6023499965667725, 262.319580078125], "6": [-188.44117736816406, 0.35531967878341675, 262.4139099121094], "7": [-263.0122375488281, 0.044489383697509766, 262.4255065917969], "8": [262.18096923828125, 1.7192679643630981, 186.9816436767578], "9": [187.12509155273438, 5.448500633239746, 187.26287841796875], "10": [110.53076171875, 16.632152557373047, 187.24050903320312], "11": [38.31932830810547, 16.29300308227539, 187.4588623046875], "12": [-37.87202453613281, 1.3607596158981323, 187.2536163330078], "13": [-113.38346862792969, 1.795564889907837, 187.14642333984375], "14": [-188.38327026367188, 0.8691990375518799, 187.31114196777344], "15": [-263.0055847167969, 0.17612549662590027, 187.2814483642578], "16": [262.0949401855469, 9.068833351135254, 111.84109497070312], "17": [187.6414337158203, 10.976216316223145, 111.90029907226562], "18": [111.46257781982422, 10.157569885253906, 112.04403686523438], "19": [37.19460678100586, 8.164401054382324, 111.94268035888672], "20": [-38.073577880859375, 3.027815818786621, 111.93775939941406], "21": [-113.8001708984375, 8.289121627807617, 111.31002044677734], "22": [-188.00340270996094, 2.8251779079437256, 111.68338775634766], "23": [-262.9994812011719, 0.26118898391723633, 112.12359619140625], "24": [261.98712158203125, 3.8119125366210938, 37.29011535644531], "25": [187.14450073242188, 7.404576301574707, 36.718814849853516], "26": [111.82096862792969, 7.697347640991211, 38.04835510253906], "27": [36.01494598388672, 7.267845630645752, 37.903507232666016], "28": [-37.54744338989258, 7.390130519866943, 36.70182800292969], "29": [-113.62483215332031, 9.719890594482422, 36.156272888183594], "30": [-187.30596923828125, 5.120387077331543, 37.633819580078125], "31": [-262.8426513671875, 2.096721887588501, 36.877037048339844], "32": [262.0484924316406, 3.912097215652466, -38.283424377441406], "33": [186.42840576171875, 8.41580867767334, -38.614559173583984], "34": [112.80714416503906, 7.635931015014648, -38.765987396240234], "35": [36.78054428100586, 16.21910285949707, -38.16475296020508], "36": [-38.16276931762695, 9.935249328613281, -37.9705696105957], "37": [-112.8792724609375, 12.817028045654297, -37.86167526245117], "38": [-187.99502563476562, 7.127739906311035, -38.177059173583984], "39": [-262.8934326171875, 1.2858911752700806, -38.07093048095703], "40": [262.3193054199219, 1.4746031761169434, -113.25151062011719], "41": [185.56394958496094, 14.903326034545898, -113.76557922363281], "42": [113.30072021484375, 31.426128387451172, -113.3979263305664], "43": [37.03084182739258, 25.642789840698242, -113.89185333251953], "44": [-37.53944778442383, 8.680082321166992, -113.12188720703125], "45": [-112.93687438964844, 5.326849937438965, -113.63191223144531], "46": [-188.2755584716797, 2.066585063934326, -113.36700439453125], "47": [-262.9997253417969, 1.1145122051239014, -113.32805633544922], "48": [262.16632080078125, 0.9539494514465332, -188.40943908691406], "49": [186.58102416992188, 17.3576602935791, -187.21661376953125], "50": [112.58108520507812, 26.358867645263672, -187.686279296875], "51": [36.68880844116211, 28.430797576904297, -188.43777465820312], "52": [-37.61833190917969, 17.622535705566406, -188.48159790039062], "53": [-112.96641540527344, 7.167145729064941, -187.9211883544922], "54": [-188.29776000976562, 6.282446384429932, -188.21139526367188], "55": [-262.9381408691406, 1.8506978750228882, -188.44076538085938], "56": [262.4111022949219, 0.07362556457519531, -263.0000305175781], "57": [187.12850952148438, 3.0567498207092285, -262.7419738769531], "58": [112.116943359375, 4.836395263671875, -262.6966552734375], "59": [36.81455993652344, 7.761943817138672, -262.25360107421875], "60": [-37.94065856933594, 5.160643577575684, -262.50750732421875], "61": [-113.2108154296875, 1.651421070098877, -262.85302734375], "62": [-188.45004272460938, 0.6582703590393066, -262.9828186035156], "63": [-263.00872802734375, 0.08441948890686035, -263.0071105957031]}