{"0": {"x": 75.14700317382812, "y": 75.14700317382812, "z": 0.6418376564979553}, "1": {"x": 75.14700317382812, "y": 75.14700317382812, "z": 5.656609058380127}, "2": {"x": 75.14677429199219, "y": 75.14677429199219, "z": 11.155925750732422}, "3": {"x": 75.14677429199219, "y": 75.14677429199219, "z": 10.361579895019531}, "4": {"x": 75.14677429199219, "y": 75.14677429199219, "z": 7.82173490524292}, "5": {"x": 75.14677429199219, "y": 75.14677429199219, "z": 7.133975028991699}, "6": {"x": 75.14657592773438, "y": 75.14677429199219, "z": 3.337104320526123}, "7": {"x": 73.97241973876953, "y": 75.14677429199219, "z": 0.6881805062294006}, "8": {"x": 75.14700317382812, "y": 75.14700317382812, "z": 12.610838890075684}, "9": {"x": 75.14700317382812, "y": 75.14700317382812, "z": 11.694391250610352}, "10": {"x": 75.14677429199219, "y": 75.14677429199219, "z": 32.62485122680664}, "11": {"x": 75.14678192138672, "y": 75.14677429199219, "z": 42.7956657409668}, "12": {"x": 75.14677429199219, "y": 75.14677429199219, "z": 6.473134994506836}, "13": {"x": 75.14677429199219, "y": 75.14677429199219, "z": 4.949380397796631}, "14": {"x": 75.14657592773438, "y": 75.14677429199219, "z": 3.4414620399475098}, "15": {"x": 73.97241973876953, "y": 75.14677429199219, "z": 0.8589289784431458}, "16": {"x": 75.14677429199219, "y": 75.14677429199219, "z": 21.915508270263672}, "17": {"x": 75.14677429199219, "y": 75.14677429199219, "z": 20.243404388427734}, "18": {"x": 75.14677429199219, "y": 75.14677429199219, "z": 26.439498901367188}, "19": {"x": 75.14677429199219, "y": 75.14677429199219, "z": 29.09428596496582}, "20": {"x": 75.14677429199219, "y": 75.14677429199219, "z": 8.28996467590332}, "21": {"x": 75.14677429199219, "y": 75.14677429199219, "z": 24.88177490234375}, "22": {"x": 75.14657592773438, "y": 75.14677429199219, "z": 19.254993438720703}, "23": {"x": 73.97241973876953, "y": 75.14677429199219, "z": 1.671221375465393}, "24": {"x": 75.14677429199219, "y": 75.14677429199219, "z": 16.987173080444336}, "25": {"x": 75.14677429199219, "y": 75.14677429199219, "z": 17.911178588867188}, "26": {"x": 75.14677429199219, "y": 75.14677429199219, "z": 16.08042335510254}, "27": {"x": 75.14677429199219, "y": 75.14677429199219, "z": 22.907005310058594}, "28": {"x": 75.14677429199219, "y": 75.14677429199219, "z": 24.872201919555664}, "29": {"x": 75.14677429199219, "y": 75.14677429199219, "z": 25.161226272583008}, "30": {"x": 75.14657592773438, "y": 75.14677429199219, "z": 20.783767700195312}, "31": {"x": 73.97241973876953, "y": 75.14677429199219, "z": 8.567652702331543}, "32": {"x": 75.14677429199219, "y": 75.14677429199219, "z": 14.464062690734863}, "33": {"x": 75.14677429199219, "y": 75.14677429199219, "z": 18.632965087890625}, "34": {"x": 75.14677429199219, "y": 75.14677429199219, "z": 21.346529006958008}, "35": {"x": 75.14677429199219, "y": 75.14677429199219, "z": 26.639453887939453}, "36": {"x": 75.14677429199219, "y": 75.14677429199219, "z": 25.02418327331543}, "37": {"x": 75.14677429199219, "y": 75.14677429199219, "z": 23.20392417907715}, "38": {"x": 75.14677429199219, "y": 75.14677429199219, "z": 16.313127517700195}, "39": {"x": 73.97261047363281, "y": 75.14677429199219, "z": 7.341080188751221}, "40": {"x": 75.14677429199219, "y": 75.14677429199219, "z": 8.205074310302734}, "41": {"x": 75.14677429199219, "y": 75.14677429199219, "z": 40.38716125488281}, "42": {"x": 75.14677429199219, "y": 75.14677429199219, "z": 32.419349670410156}, "43": {"x": 75.14677429199219, "y": 75.14677429199219, "z": 19.601808547973633}, "44": {"x": 75.14677429199219, "y": 75.14677429199219, "z": 23.00408172607422}, "45": {"x": 75.14677429199219, "y": 75.14677429199219, "z": 16.827838897705078}, "46": {"x": 75.14677429199219, "y": 75.14677429199219, "z": 8.170554161071777}, "47": {"x": 73.97261047363281, "y": 75.14677429199219, "z": 3.6630771160125732}, "48": {"x": 75.14677429199219, "y": 75.14677429199219, "z": 7.234447956085205}, "49": {"x": 75.14677429199219, "y": 75.14677429199219, "z": 38.07088088989258}, "50": {"x": 75.14677429199219, "y": 75.14677429199219, "z": 38.1396484375}, "51": {"x": 75.14677429199219, "y": 75.14677429199219, "z": 26.585569381713867}, "52": {"x": 75.14677429199219, "y": 75.14677429199219, "z": 22.061569213867188}, "53": {"x": 75.14677429199219, "y": 75.14677429199219, "z": 18.999378204345703}, "54": {"x": 75.14677429199219, "y": 75.14677429199219, "z": 11.249006271362305}, "55": {"x": 73.97261047363281, "y": 75.14677429199219, "z": 6.095335960388184}, "56": {"x": 75.14677429199219, "y": 73.97261047363281, "z": 2.621884822845459}, "57": {"x": 75.14677429199219, "y": 73.97261047363281, "z": 14.416019439697266}, "58": {"x": 75.14677429199219, "y": 73.97261047363281, "z": 15.357198715209961}, "59": {"x": 75.14677429199219, "y": 73.97261047363281, "z": 23.66062355041504}, "60": {"x": 75.14677429199219, "y": 73.97261047363281, "z": 18.36571502685547}, "61": {"x": 75.14677429199219, "y": 73.97261047363281, "z": 9.194357872009277}, "62": {"x": 75.14677429199219, "y": 73.97261047363281, "z": 3.020460605621338}, "63": {"x": 73.97261047363281, "y": 73.97261047363281, "z": 1.5922809839248657}}